{
  "labels": [
    2000,
    2001,
    2002,
    2003,
    2004,
    2005,
    2006,
    2007,
    2008,
    2009,
    2010,
    2011,
    2012,
    2013,
    2014,
    2015,
    2016,
    2017,
    2018,
    2019,
    2020,
    2021,
    2022
  ],
  "datasets": [
    {
      "label": "Alcoholic beverages and tobacco",
      "data": [
        1.979,
        1.979,
        1.8939999999999997,
        1.831,
        1.819,
        1.6910000000000003,
        1.962,
        1.7120000000000002,
        1.785,
        1.6960000000000002,
        1.764,
        1.795,
        1.761,
        1.867,
        1.818,
        1.73,
        2.9,
        2.936,
        2.765,
        2.813,
        2.756,
        3.013,
        3.482
      ]
    }
  ]
}
