{
  "labels": [
    2000,
    2001,
    2002,
    2003,
    2004,
    2005,
    2006,
    2007,
    2008,
    2009,
    2010,
    2011,
    2012,
    2013,
    2014,
    2015,
    2016,
    2017,
    2018,
    2019,
    2020,
    2021,
    2022
  ],
  "datasets": [
    {
      "label": "Furniture and housekeeping",
      "data": [
        5.114,
        5.114,
        4.571000000000001,
        4.49,
        4.342,
        3.959,
        4.335,
        4.649,
        4.761999999999999,
        4.968000000000001,
        4.635,
        4.723,
        4.752,
        4.361,
        4.533,
        4.455,
        4.461,
        3.894,
        3.901,
        3.727,
        3.79,
        3.81,
        4.518
      ]
    }
  ]
}
