{
  "labels": [
    2000,
    2001,
    2002,
    2003,
    2004,
    2005,
    2006,
    2007,
    2008,
    2009,
    2010,
    2011,
    2012,
    2013,
    2014,
    2015,
    2016,
    2017,
    2018,
    2019,
    2020,
    2021,
    2022
  ],
  "datasets": [
    {
      "label": "Further services",
      "data": [
        4.926,
        4.926,
        5.014000000000001,
        4.797,
        4.817,
        4.55,
        4.716,
        4.681,
        4.603000000000001,
        5.2090000000000005,
        5.2219999999999995,
        5.263,
        5.457,
        5.593,
        5.547,
        5.4,
        5.507,
        5.488,
        5.409,
        5.517,
        6.116,
        5.709,
        5.883
      ]
    }
  ]
}
