{
  "labels": [
    2000,
    2001,
    2002,
    2003,
    2004,
    2005,
    2006,
    2007,
    2008,
    2009,
    2010,
    2011,
    2012,
    2013,
    2014,
    2015,
    2016,
    2017,
    2018,
    2019,
    2020,
    2021,
    2022
  ],
  "datasets": [
    {
      "label": "Education",
      "data": [
        0.488,
        0.488,
        0.575,
        0.504,
        0.55,
        0.8029999999999999,
        0.663,
        0.561,
        0.6739999999999999,
        0.684,
        0.6689999999999999,
        0.672,
        0.676,
        0.721,
        0.863,
        0.623,
        0.764,
        0.844,
        0.888,
        1.065,
        0.997,
        0.559,
        0.949
      ]
    }
  ]
}
