{
  "labels": [
    2000,
    2001,
    2002,
    2003,
    2004,
    2005,
    2006,
    2007,
    2008,
    2009,
    2010,
    2011,
    2012,
    2013,
    2014,
    2015,
    2016,
    2017,
    2018,
    2019,
    2020,
    2021,
    2022
  ],
  "datasets": [
    {
      "label": "Health",
      "data": [
        13.351,
        13.351,
        14.495999999999999,
        15.236999999999998,
        15.77,
        16.346,
        16.719,
        15.903,
        14.466999999999999,
        14.075,
        13.862,
        14.15,
        14.632,
        15.39,
        14.992,
        14.858,
        15.577,
        15.215,
        15.063,
        15.466,
        15.689,
        17.58,
        16.671
      ]
    }
  ]
}
