{
  "labels": [
    2000,
    2001,
    2002,
    2003,
    2004,
    2005,
    2006,
    2007,
    2008,
    2009,
    2010,
    2011,
    2012,
    2013,
    2014,
    2015,
    2016,
    2017,
    2018,
    2019,
    2020,
    2021,
    2022
  ],
  "datasets": [
    {
      "label": "Living and energy",
      "data": [
        26.529,
        26.529,
        25.94,
        25.346999999999998,
        25.616,
        25.933999999999997,
        25.175,
        25.448,
        25.211999999999996,
        25.092000000000002,
        25.753,
        26.289,
        26.156,
        25.368,
        24.955,
        25.44,
        24.747,
        25.235,
        25.416,
        25.149,
        24.959,
        27.165,
        26.595
      ]
    }
  ]
}
