{
  "labels": [
    2000,
    2001,
    2002,
    2003,
    2004,
    2005,
    2006,
    2007,
    2008,
    2009,
    2010,
    2011,
    2012,
    2013,
    2014,
    2015,
    2016,
    2017,
    2018,
    2019,
    2020,
    2021,
    2022
  ],
  "datasets": [
    {
      "label": "Staples and non-alcoholic beverages",
      "data": [
        11.513,
        11.513,
        11.736000000000004,
        11.796999999999999,
        12.012,
        11.401,
        10.998,
        10.984,
        11.091000000000001,
        10.903000000000004,
        11.062999999999999,
        10.636,
        10.306,
        10.707,
        10.463,
        10.486,
        10.333,
        10.414,
        10.449,
        10.673,
        10.539,
        11.93,
        12.608
      ]
    }
  ]
}
