{
  "labels": [
    2000,
    2001,
    2002,
    2003,
    2004,
    2005,
    2006,
    2007,
    2008,
    2009,
    2010,
    2011,
    2012,
    2013,
    2014,
    2015,
    2016,
    2017,
    2018,
    2019,
    2020,
    2021,
    2022
  ],
  "datasets": [
    {
      "label": "Transportation",
      "data": [
        9.377,
        9.377,
        9.826,
        9.775,
        9.473,
        10.451,
        10.286,
        10.796000000000001,
        11.285,
        11.157000000000002,
        11.011,
        10.834,
        10.833,
        11.007,
        11.6,
        11.188,
        10.856,
        10.823,
        11.245,
        10.752,
        10.969,
        10.019,
        10.976
      ]
    }
  ]
}
