{
  "labels": [
    2000,
    2001,
    2002,
    2003,
    2004,
    2005,
    2006,
    2007,
    2008,
    2009,
    2010,
    2011,
    2012,
    2013,
    2014,
    2015,
    2016,
    2017,
    2018,
    2019,
    2020,
    2021,
    2022
  ],
  "datasets": [
    {
      "label": "Apparel and shoes",
      "data": [
        5.071,
        5.071,
        4.521,
        4.898,
        4.812,
        4.273000000000001,
        4.259,
        4.618,
        4.434000000000001,
        4.553000000000001,
        4.454,
        4.199,
        4.084,
        3.795,
        3.788,
        3.819,
        3.777,
        3.849,
        3.772,
        3.644,
        3.404,
        2.762,
        2.691
      ]
    }
  ]
}
